INSERT INTO [dbo].[CodeLookup] ([CodeLookupId], [CodeDesc], [ShortDesc], [ParentCodeLookupId], [IsActive], [CreatedBy], [CreatedDate], [UpdatedBy], [UpdatedDate]) VALUES (1, N'GENDER', N'GENDER', NULL, 1, NULL, NULL, NULL, NULL)
INSERT INTO [dbo].[CodeLookup] ([CodeLookupId], [CodeDesc], [ShortDesc], [ParentCodeLookupId], [IsActive], [CreatedBy], [CreatedDate], [UpdatedBy], [UpdatedDate]) VALUES (2, N'MALE', N'MALE', 1, 1, NULL, NULL, NULL, NULL)
INSERT INTO [dbo].[CodeLookup] ([CodeLookupId], [CodeDesc], [ShortDesc], [ParentCodeLookupId], [IsActive], [CreatedBy], [CreatedDate], [UpdatedBy], [UpdatedDate]) VALUES (3, N'FEMALE', N'FEMALE', 1, 1, NULL, NULL, NULL, NULL)
INSERT INTO [dbo].[CodeLookup] ([CodeLookupId], [CodeDesc], [ShortDesc], [ParentCodeLookupId], [IsActive], [CreatedBy], [CreatedDate], [UpdatedBy], [UpdatedDate]) VALUES (4, N'LANGUAGE', N'LANGUAGE', NULL, 1, NULL, NULL, NULL, NULL)
INSERT INTO [dbo].[CodeLookup] ([CodeLookupId], [CodeDesc], [ShortDesc], [ParentCodeLookupId], [IsActive], [CreatedBy], [CreatedDate], [UpdatedBy], [UpdatedDate]) VALUES (5, N'ENGLISH', N'ENGLISH', 4, 1, NULL, NULL, NULL, NULL)
INSERT INTO [dbo].[CodeLookup] ([CodeLookupId], [CodeDesc], [ShortDesc], [ParentCodeLookupId], [IsActive], [CreatedBy], [CreatedDate], [UpdatedBy], [UpdatedDate]) VALUES (6, N'HINDI', N'HINDI', 4, 1, NULL, NULL, NULL, NULL)
INSERT INTO [dbo].[CodeLookup] ([CodeLookupId], [CodeDesc], [ShortDesc], [ParentCodeLookupId], [IsActive], [CreatedBy], [CreatedDate], [UpdatedBy], [UpdatedDate]) VALUES (7, N'GUJARATI', N'GUJARATI', 4, 1, NULL, NULL, NULL, NULL)
INSERT INTO [dbo].[CodeLookup] ([CodeLookupId], [CodeDesc], [ShortDesc], [ParentCodeLookupId], [IsActive], [CreatedBy], [CreatedDate], [UpdatedBy], [UpdatedDate]) VALUES (8, N'MARATHI', N'MARATHI', 4, 1, NULL, NULL, NULL, NULL)
INSERT INTO [dbo].[CodeLookup] ([CodeLookupId], [CodeDesc], [ShortDesc], [ParentCodeLookupId], [IsActive], [CreatedBy], [CreatedDate], [UpdatedBy], [UpdatedDate]) VALUES (9, N'TELGU', N'TELGU', 4, 1, NULL, NULL, NULL, NULL)
INSERT INTO [dbo].[CodeLookup] ([CodeLookupId], [CodeDesc], [ShortDesc], [ParentCodeLookupId], [IsActive], [CreatedBy], [CreatedDate], [UpdatedBy], [UpdatedDate]) VALUES (10, N'KANNADA', N'KANNADA', 4, 1, NULL, NULL, NULL, NULL)
INSERT INTO [dbo].[CodeLookup] ([CodeLookupId], [CodeDesc], [ShortDesc], [ParentCodeLookupId], [IsActive], [CreatedBy], [CreatedDate], [UpdatedBy], [UpdatedDate]) VALUES (11, N'TAMIL', N'TAMIL', 4, 1, NULL, NULL, NULL, NULL)
INSERT INTO [dbo].[CodeLookup] ([CodeLookupId], [CodeDesc], [ShortDesc], [ParentCodeLookupId], [IsActive], [CreatedBy], [CreatedDate], [UpdatedBy], [UpdatedDate]) VALUES (12, N'COURSEFIELD', N'COURSEFIELD', NULL, 1, NULL, NULL, NULL, NULL)
INSERT INTO [dbo].[CodeLookup] ([CodeLookupId], [CodeDesc], [ShortDesc], [ParentCodeLookupId], [IsActive], [CreatedBy], [CreatedDate], [UpdatedBy], [UpdatedDate]) VALUES (13, N'Management', N'Management', 12, 1, NULL, NULL, NULL, NULL)
INSERT INTO [dbo].[CodeLookup] ([CodeLookupId], [CodeDesc], [ShortDesc], [ParentCodeLookupId], [IsActive], [CreatedBy], [CreatedDate], [UpdatedBy], [UpdatedDate]) VALUES (14, N'Engineering', N'Engineering', 12, 1, NULL, NULL, NULL, NULL)
INSERT INTO [dbo].[CodeLookup] ([CodeLookupId], [CodeDesc], [ShortDesc], [ParentCodeLookupId], [IsActive], [CreatedBy], [CreatedDate], [UpdatedBy], [UpdatedDate]) VALUES (15, N'Science', N'Science', 12, 1, NULL, NULL, NULL, NULL)
INSERT INTO [dbo].[CodeLookup] ([CodeLookupId], [CodeDesc], [ShortDesc], [ParentCodeLookupId], [IsActive], [CreatedBy], [CreatedDate], [UpdatedBy], [UpdatedDate]) VALUES (16, N'Commerce', N'Commerce', 12, 1, NULL, NULL, NULL, NULL)
INSERT INTO [dbo].[CodeLookup] ([CodeLookupId], [CodeDesc], [ShortDesc], [ParentCodeLookupId], [IsActive], [CreatedBy], [CreatedDate], [UpdatedBy], [UpdatedDate]) VALUES (17, N'Computers', N'Computers', 12, 1, NULL, NULL, NULL, NULL)
INSERT INTO [dbo].[CodeLookup] ([CodeLookupId], [CodeDesc], [ShortDesc], [ParentCodeLookupId], [IsActive], [CreatedBy], [CreatedDate], [UpdatedBy], [UpdatedDate]) VALUES (18, N'DEGREETYPE', N'DEGREETYPE', NULL, 1, NULL, NULL, NULL, NULL)
INSERT INTO [dbo].[CodeLookup] ([CodeLookupId], [CodeDesc], [ShortDesc], [ParentCodeLookupId], [IsActive], [CreatedBy], [CreatedDate], [UpdatedBy], [UpdatedDate]) VALUES (19, N'Graduate', N'Graduate', 18, 1, NULL, NULL, NULL, NULL)
INSERT INTO [dbo].[CodeLookup] ([CodeLookupId], [CodeDesc], [ShortDesc], [ParentCodeLookupId], [IsActive], [CreatedBy], [CreatedDate], [UpdatedBy], [UpdatedDate]) VALUES (20, N'Post Graduate', N'Post Graduate', 18, 1, NULL, NULL, NULL, NULL)
INSERT INTO [dbo].[CodeLookup] ([CodeLookupId], [CodeDesc], [ShortDesc], [ParentCodeLookupId], [IsActive], [CreatedBy], [CreatedDate], [UpdatedBy], [UpdatedDate]) VALUES (21, N'Diploma', N'Diploma', 18, 1, NULL, NULL, NULL, NULL)
INSERT INTO [dbo].[CodeLookup] ([CodeLookupId], [CodeDesc], [ShortDesc], [ParentCodeLookupId], [IsActive], [CreatedBy], [CreatedDate], [UpdatedBy], [UpdatedDate]) VALUES (22, N'Certificate', N'Certificate', 18, 1, NULL, NULL, NULL, NULL)
INSERT INTO [dbo].[CodeLookup] ([CodeLookupId], [CodeDesc], [ShortDesc], [ParentCodeLookupId], [IsActive], [CreatedBy], [CreatedDate], [UpdatedBy], [UpdatedDate]) VALUES (23, N'Ph.D.', N'Ph.D.', 18, 1, NULL, NULL, NULL, NULL)
SET IDENTITY_INSERT [dbo].[Course] ON
INSERT INTO [dbo].[Course] ([CourseId], [CourseName], [CourseFieldId], [DegreeTypeId]) VALUES (2, N'Bachelor of Engineering', 14, 19)
INSERT INTO [dbo].[Course] ([CourseId], [CourseName], [CourseFieldId], [DegreeTypeId]) VALUES (3, N'Master of Engineering', 14, 20)
INSERT INTO [dbo].[Course] ([CourseId], [CourseName], [CourseFieldId], [DegreeTypeId]) VALUES (4, N'Bachelor of Science', 15, 19)
INSERT INTO [dbo].[Course] ([CourseId], [CourseName], [CourseFieldId], [DegreeTypeId]) VALUES (5, N'Master of Science', 15, 20)
INSERT INTO [dbo].[Course] ([CourseId], [CourseName], [CourseFieldId], [DegreeTypeId]) VALUES (6, N'Bachelor of Commerce', 16, 19)
INSERT INTO [dbo].[Course] ([CourseId], [CourseName], [CourseFieldId], [DegreeTypeId]) VALUES (7, N'Bachelor of Computer Application', 17, 19)
INSERT INTO [dbo].[Course] ([CourseId], [CourseName], [CourseFieldId], [DegreeTypeId]) VALUES (8, N'Master of Computer Application', 17, 20)
SET IDENTITY_INSERT [dbo].[Course] OFF
SET IDENTITY_INSERT [dbo].[Subject] ON
INSERT INTO [dbo].[Subject] ([SubjectId], [SubjectDesc], [CourseID]) VALUES (1, N'Computer Science & Engineering', 2)
INSERT INTO [dbo].[Subject] ([SubjectId], [SubjectDesc], [CourseID]) VALUES (2, N'Aeronautical Engineering', 2)
INSERT INTO [dbo].[Subject] ([SubjectId], [SubjectDesc], [CourseID]) VALUES (3, N'Electronics & Communication Engineering', 2)
INSERT INTO [dbo].[Subject] ([SubjectId], [SubjectDesc], [CourseID]) VALUES (4, N'Computer Science & Engineering', 3)
INSERT INTO [dbo].[Subject] ([SubjectId], [SubjectDesc], [CourseID]) VALUES (5, N'Electronics & Communication Engineering', 3)
INSERT INTO [dbo].[Subject] ([SubjectId], [SubjectDesc], [CourseID]) VALUES (6, N'Mechanical Engineering - CAD/CAM', 3)
INSERT INTO [dbo].[Subject] ([SubjectId], [SubjectDesc], [CourseID]) VALUES (7, N'Chemical Engineering', 3)
INSERT INTO [dbo].[Subject] ([SubjectId], [SubjectDesc], [CourseID]) VALUES (8, N'Structural Engineering', 3)
INSERT INTO [dbo].[Subject] ([SubjectId], [SubjectDesc], [CourseID]) VALUES (9, N'Transportation Engineering', 3)
INSERT INTO [dbo].[Subject] ([SubjectId], [SubjectDesc], [CourseID]) VALUES (10, N'Physics', 4)
INSERT INTO [dbo].[Subject] ([SubjectId], [SubjectDesc], [CourseID]) VALUES (11, N'Chemistry', 4)
INSERT INTO [dbo].[Subject] ([SubjectId], [SubjectDesc], [CourseID]) VALUES (12, N'Biology', 4)
INSERT INTO [dbo].[Subject] ([SubjectId], [SubjectDesc], [CourseID]) VALUES (13, N'Maths', 4)
INSERT INTO [dbo].[Subject] ([SubjectId], [SubjectDesc], [CourseID]) VALUES (14, N'Statistics', 4)
INSERT INTO [dbo].[Subject] ([SubjectId], [SubjectDesc], [CourseID]) VALUES (15, N'Physics', 5)
INSERT INTO [dbo].[Subject] ([SubjectId], [SubjectDesc], [CourseID]) VALUES (16, N'Chemistry', 5)
INSERT INTO [dbo].[Subject] ([SubjectId], [SubjectDesc], [CourseID]) VALUES (17, N'Maths', 5)
INSERT INTO [dbo].[Subject] ([SubjectId], [SubjectDesc], [CourseID]) VALUES (19, N'Accounts', 6)
SET IDENTITY_INSERT [dbo].[Subject] OFF
